,0,1,2,3,4,5,6,7,8,9,10,11
0,1600387200000,3.0888,3.2926,2.8050,3.1002,41039.60000000,1600473599999,124683.8036,714,26548.92000000,81833.3694,0
1,1600473600000,3.1002,3.2616,2.9846,3.0076,19297.28000000,1600559999999,59744.3755,686,7902.23000000,24579.4758,0
2,1600560000000,3.0042,3.0042,2.7550,2.8737,21274.03000000,1600646399999,60928.1154,387,7266.20000000,20715.0029,0
3,1600646400000,2.9110,3.0337,2.5500,2.7795,19867.49000000,1600732799999,55417.0202,345,10019.54000000,28579.9558,0
4,1600732800000,2.7378,3.0089,2.6593,2.9629,58835.67000000,1600819199999,168942.4414,435,12448.52000000,35901.7861,0
5,1600819200000,2.9325,3.0621,2.7329,2.8532,25445.61000000,1600905599999,74383.6764,274,7743.65000000,22668.3367,0
6,1600905600000,2.8478,3.2586,2.8020,3.1392,32796.21000000,1600991999999,100052.7620,354,13246.73000000,40329.2714,0
7,1600992000000,3.1528,3.2629,2.9174,3.1917,20746.01000000,1601078399999,64452.3593,220,8877.13000000,27967.8970,0
8,1601078400000,3.1900,3.2391,3.0439,3.1038,9278.48000000,1601164799999,29085.3547,131,5123.24000000,16054.5973,0
9,1601164800000,3.1593,3.1813,3.0196,3.1813,4461.14000000,1601251199999,13868.2575,65,1324.66000000,4166.8635,0
10,1601251200000,3.1793,3.2043,2.9222,2.9222,14336.12000000,1601337599999,43746.6475,91,2155.62000000,6628.6261,0
11,1601337600000,3.0028,3.0204,2.8872,2.9539,6916.57000000,1601423999999,20482.2339,71,4398.55000000,13043.6961,0
12,1601424000000,2.9451,2.9744,2.8334,2.8904,3858.20000000,1601510399999,11120.9026,51,2118.25000000,6095.3365,0
13,1601510400000,2.9060,2.9947,2.6701,2.8693,9768.98000000,1601596799999,27825.9093,176,4254.46000000,12027.2688,0
14,1601596800000,2.8524,2.8681,2.4332,2.6366,17160.88000000,1601683199999,45823.8398,296,9534.62000000,25833.4091,0
15,1601683200000,2.6358,2.6637,2.5700,2.5777,4192.39000000,1601769599999,10975.9698,55,1678.77000000,4406.1679,0
16,1601769600000,2.5363,2.5865,2.4332,2.5257,15997.29000000,1601855999999,40115.1742,144,9808.45000000,24637.4369,0
17,1601856000000,2.5341,2.6836,2.4652,2.6626,12588.02000000,1601942399999,32514.8113,262,9350.12000000,24164.1587,0
18,1601942400000,2.6463,2.6463,2.1402,2.1676,13944.27000000,1602028799999,33382.7615,248,8936.39000000,21477.3960,0
19,1602028800000,2.1499,2.4008,2.1100,2.2876,22610.15000000,1602115199999,51408.3139,131,17342.23000000,39396.4552,0
20,1602115200000,2.2909,2.4725,2.0237,2.3878,62202.14000000,1602201599999,141665.9627,2305,39789.20000000,90662.8613,0
21,1602201600000,2.3834,2.6366,2.3298,2.5676,30038.41000000,1602287999999,75434.3296,314,25609.82000000,64515.6075,0
22,1602288000000,2.5405,2.6000,2.3975,2.4118,12410.30000000,1602374399999,31052.0607,116,7840.72000000,19617.0316,0
23,1602374400000,2.3927,2.4485,2.3548,2.3991,13440.59000000,1602460799999,32117.0952,95,6235.16000000,14908.0854,0
24,1602460800000,2.4301,2.7049,2.4301,2.5865,34365.36000000,1602547199999,89005.7759,167,16156.76000000,41624.8942,0
25,1602547200000,2.5711,2.5711,2.3473,2.4001,35492.92000000,1602633599999,87331.9030,157,22670.86000000,55712.0831,0
26,1602633600000,2.4090,2.4400,2.2445,2.3163,16777.09000000,1602719999999,39122.1284,117,7776.04000000,18261.8147,0
27,1602720000000,2.2990,2.3234,2.2097,2.2816,8724.67000000,1602806399999,19818.5831,67,3457.37000000,7898.6274,0
28,1602806400000,2.2525,2.2525,2.1238,2.1362,125917.21000000,1602892799999,274937.0537,393,41706.32000000,90806.0228,0
29,1602892800000,2.1284,2.2303,2.1114,2.1901,15255.39000000,1602979199999,32990.8525,81,3431.86000000,7546.6133,0
30,1602979200000,2.2074,2.2576,2.2026,2.2104,6010.20000000,1603065599999,13331.9528,47,4227.32000000,9373.6263,0
31,1603065600000,2.2144,2.2184,2.0505,2.0505,14348.62000000,1603151999999,30183.2364,120,7064.16000000,14924.7828,0
32,1603152000000,2.0561,2.1043,1.8554,1.8930,26152.62000000,1603238399999,51128.7289,199,10737.83000000,21189.5700,0
33,1603238400000,1.9106,2.0991,1.8683,1.8853,61574.72000000,1603324799999,120634.9685,330,38111.54000000,75136.5395,0
34,1603324800000,1.9128,2.0857,1.8677,1.9549,22998.12000000,1603411199999,45069.4936,210,8379.28000000,16528.2640,0
35,1603411200000,1.9451,1.9888,1.8573,1.9586,13304.38000000,1603497599999,25715.5692,130,6303.81000000,12236.6533,0
36,1603497600000,1.9539,1.9657,1.8860,1.9174,6292.06000000,1603583999999,12185.2046,66,4021.08000000,7808.2244,0
37,1603584000000,1.9214,1.9216,1.7666,1.8006,13186.80000000,1603670399999,24222.1555,128,6935.51000000,12781.4693,0
38,1603670400000,1.7872,1.8705,1.6330,1.6932,18974.92000000,1603756799999,33011.2672,279,7441.61000000,13142.4693,0
39,1603756800000,1.6888,1.7533,1.5956,1.7225,34406.76000000,1603843199999,58238.0136,355,20703.01000000,34937.3101,0
40,1603843200000,1.7105,1.7193,1.4565,1.5173,82224.53000000,1603929599999,127079.6313,425,18738.92000000,28824.1316,0
41,1603929600000,1.5269,1.5734,1.4232,1.4232,15995.63000000,1604015999999,24161.4573,220,6599.90000000,10004.0838,0
42,1604016000000,1.4353,1.4738,1.3456,1.4432,19481.74000000,1604102399999,27680.3969,319,12634.51000000,18000.2904,0
43,1604102400000,1.4316,1.5469,1.4316,1.5469,10429.32000000,1604188799999,15599.4814,82,4451.95000000,6639.3539,0
44,1604188800000,1.5707,1.6402,1.5274,1.5975,8848.17000000,1604275199999,14042.7502,53,5276.14000000,8470.0842,0
45,1604275200000,1.6310,1.6310,1.4728,1.4728,6194.49000000,1604361599999,9636.8919,58,1714.79000000,2628.0794,0
46,1604361600000,1.4793,1.4793,1.4127,1.4127,18456.79000000,1604447999999,26603.2600,71,4740.21000000,6863.0778,0
47,1604448000000,1.4063,1.4084,1.2738,1.3979,41524.24000000,1604534399999,56237.1172,107,21507.78000000,28988.3871,0
48,1604534400000,1.4001,1.4749,1.3015,1.4064,39413.10000000,1604620799999,56003.1006,129,4865.26000000,6869.8942,0
49,1604620800000,1.4039,1.9526,1.4039,1.9149,56104.70000000,1604707199999,95065.2125,331,19092.65000000,33134.2050,0
50,1604707200000,1.9156,2.4906,1.8376,2.0363,302265.91000000,1604793599999,644124.9660,1094,73517.48000000,156290.4397,0
51,1604793600000,1.9948,2.2741,1.9737,2.1593,94329.49000000,1604879999999,201288.7738,447,31529.53000000,67399.5767,0
52,1604880000000,2.1504,2.1943,1.9685,2.0000,75123.96000000,1604966399999,155906.4044,227,40314.09000000,83402.7276,0
53,1604966400000,2.0066,2.3202,2.0066,2.2721,44354.06000000,1605052799999,98861.9344,329,23267.58000000,52057.6074,0
54,1605052800000,2.2721,2.3021,1.9656,2.0067,37023.85000000,1605139199999,77939.7538,296,10798.87000000,23229.2704,0
55,1605139200000,1.9829,2.0554,1.8450,1.9056,48736.52000000,1605225599999,97565.5338,268,14857.71000000,29403.4601,0
56,1605225600000,1.9121,2.0525,1.9078,2.0371,17005.38000000,1605311999999,33878.9420,135,10852.59000000,21636.8495,0
57,1605312000000,2.0054,2.0284,1.8911,1.9214,32042.98000000,1605398399999,62619.4181,177,15288.53000000,29957.5746,0
58,1605398400000,1.9530,2.2204,1.9458,2.0400,152216.19000000,1605484799999,319681.0721,781,68346.58000000,143110.2302,0
59,1605484800000,2.0024,2.3705,1.9870,2.2689,56191.48000000,1605571199999,125939.1373,459,24010.24000000,53948.0544,0
60,1605571200000,2.2799,2.3318,2.1359,2.2013,34796.97000000,1605657599999,77852.9074,258,19314.45000000,43155.7360,0
61,1605657600000,2.2100,2.2217,2.0158,2.1177,64243.73000000,1605743999999,134353.7699,487,24278.58000000,51236.7692,0
62,1605744000000,2.1094,2.1810,2.0223,2.0634,22809.04000000,1605830399999,48069.2638,332,12978.01000000,27429.4302,0
63,1605830400000,2.0923,2.2340,2.0522,2.1054,15134.44000000,1605916799999,32009.0743,252,7537.40000000,15980.6627,0
64,1605916800000,2.1106,2.4998,2.0364,2.3652,59400.60000000,1606003199999,134669.2874,509,36634.90000000,83059.9097,0
65,1606003200000,2.4248,2.4269,2.0990,2.1505,47247.99000000,1606089599999,106139.9386,283,5366.00000000,11862.8362,0
66,1606089600000,2.1750,2.3500,2.1392,2.2668,64570.37000000,1606175999999,144645.8657,573,41069.80000000,91556.9057,0
67,1606176000000,2.3015,2.4507,2.1392,2.2697,49136.94000000,1606262399999,113208.5588,502,25887.43000000,59743.1291,0
68,1606262400000,2.2577,2.5227,2.1973,2.2564,19802.07000000,1606348799999,47125.6709,265,13228.64000000,31879.7325,0
69,1606348800000,2.2717,2.2900,1.7500,1.8840,45404.15000000,1606435199999,86789.8260,620,25502.43000000,47333.3227,0
70,1606435200000,1.8919,1.9656,1.7907,1.8545,9613.74000000,1606521599999,18006.0841,177,5254.00000000,9915.7730,0
71,1606521600000,1.8475,1.9368,1.8097,1.8911,7078.71000000,1606607999999,13359.3736,132,4510.98000000,8519.7660,0
72,1606608000000,1.8751,1.9489,1.8666,1.9142,4358.98000000,1606694399999,8332.3511,77,1741.82000000,3318.0675,0
73,1606694400000,1.9358,2.0121,1.9150,1.9782,7922.88000000,1606780799999,15613.6043,165,4719.60000000,9293.2753,0
74,1606780800000,1.9656,2.1194,1.9359,1.9850,13879.55000000,1606867199999,28005.3754,222,6247.27000000,12590.5453,0
75,1606867200000,1.9564,2.2000,1.9500,2.1040,16230.56000000,1606953599999,34354.5695,235,8800.55000000,18679.2649,0
76,1606953600000,2.1258,2.2233,2.0843,2.1000,20798.71000000,1607039999999,44697.5644,327,7778.70000000,16842.5727,0
77,1607040000000,2.1086,2.1101,1.8814,1.8814,18788.08000000,1607126399999,37921.0924,361,7374.60000000,15082.3137,0
78,1607126400000,1.8531,1.9775,1.8490,1.9770,4280.11000000,1607212799999,8128.8022,107,2499.99000000,4748.1057,0
79,1607212800000,1.9833,1.9833,1.8260,1.8453,11106.86000000,1607299199999,21053.4188,204,3156.23000000,5989.9231,0
80,1607299200000,1.8564,1.8925,1.8118,1.8289,8564.36000000,1607385599999,15792.0762,117,2963.18000000,5469.4434,0
81,1607385600000,1.8268,1.8273,1.6500,1.6810,35259.66000000,1607471999999,60487.3752,288,9579.51000000,16629.1587,0
82,1607472000000,1.6588,1.6729,1.5021,1.6657,21306.65000000,1607558399999,34769.8660,279,17426.84000000,28463.4989,0
83,1607558400000,1.6546,1.6637,1.5496,1.5840,19967.31000000,1607644799999,32333.9080,266,11534.86000000,18635.8970,0
84,1607644800000,1.5596,1.5596,1.4334,1.4497,22754.92000000,1607731199999,34133.5485,182,17451.13000000,26192.6338,0
85,1607731200000,1.4552,1.5398,1.4479,1.4943,7937.93000000,1607817599999,11872.2521,111,4817.79000000,7265.1527,0
86,1607817600000,1.4947,1.6496,1.4656,1.5694,16791.47000000,1607903999999,26349.7011,136,9556.76000000,15002.0466,0
87,1607904000000,1.5464,1.6134,1.5254,1.5963,10582.68000000,1607990399999,16730.1574,146,6238.34000000,9885.8358,0
88,1607990400000,1.6280,1.7962,1.6280,1.7416,51615.03000000,1608076799999,89077.1570,356,28063.83000000,48539.0030,0
89,1608076800000,1.7549,1.7900,1.6076,1.7881,29791.90000000,1608163199999,50200.6273,331,12606.96000000,21240.8578,0
90,1608163200000,1.7975,1.8000,1.6507,1.6747,24953.60000000,1608249599999,43116.4062,344,11135.62000000,19447.1156,0
91,1608249600000,1.6584,1.7000,1.6391,1.6919,9293.13000000,1608335999999,15511.0659,149,5590.65000000,9362.9109,0
92,1608336000000,1.7100,1.7675,1.6610,1.6719,24504.32000000,1608422399999,41988.8710,327,7845.81000000,13513.5477,0
93,1608422400000,1.6639,1.6800,1.5213,1.5700,25928.55000000,1608508799999,41071.5522,221,12863.48000000,20290.3977,0
94,1608508800000,1.5700,1.6195,1.5000,1.5589,16997.56000000,1608595199999,26316.8871,184,6985.84000000,10809.6052,0
95,1608595200000,1.5368,1.5863,1.4765,1.4923,17379.04000000,1608681599999,26625.6841,262,10713.09000000,16411.8159,0
96,1608681600000,1.4963,1.5000,1.0939,1.2025,107789.41000000,1608767999999,140970.6430,651,30256.90000000,38977.1059,0
97,1608768000000,1.2025,1.3819,1.1744,1.3591,32640.43000000,1608854399999,42525.4753,289,27535.15000000,35971.7070,0
98,1608854400000,1.3591,1.4619,1.3500,1.4296,48978.95000000,1608940799999,69655.0642,405,31300.44000000,44672.0448,0
99,1608940800000,1.4475,1.4475,1.3167,1.3235,12668.04000000,1609027199999,17299.7153,179,6560.51000000,8958.5145,0
100,1609027200000,1.3234,1.4145,1.2544,1.3021,70460.25000000,1609113599999,92628.7979,488,31049.00000000,40633.6787,0
101,1609113600000,1.3495,1.5210,1.3235,1.5210,25267.51000000,1609199999999,36285.0260,303,14633.17000000,20873.2133,0
102,1609200000000,1.5210,1.7319,1.4452,1.6709,96960.91000000,1609286399999,154245.8832,926,56319.52000000,89838.9161,0
103,1609286400000,1.6794,1.7200,1.5296,1.5348,45236.29000000,1609372799999,72712.5751,616,16885.99000000,27293.2972,0
104,1609372800000,1.5307,1.5556,1.4234,1.5164,70729.28000000,1609459199999,105823.0952,392,25145.92000000,37322.9086,0
105,1609459200000,1.5163,1.8678,1.5147,1.8528,104909.97000000,1609545599999,177464.5048,713,55773.20000000,93811.1336,0
106,1609545600000,1.8369,2.0000,1.7175,1.7909,106847.32000000,1609631999999,195761.7024,1063,35209.69000000,65719.9543,0
107,1609632000000,1.8143,2.3800,1.8027,2.1859,228059.61000000,1609718399999,473551.3583,1873,105636.62000000,220694.4382,0
108,1609718400000,2.1938,2.4900,1.8870,2.4900,146676.57000000,1609804799999,332153.1908,2287,81808.52000000,185780.1975,0
109,1609804800000,2.4852,2.5000,2.0743,2.1585,226222.82000000,1609891199999,510776.4532,1826,96416.20000000,222080.9044,0
110,1609891200000,2.1722,2.1842,1.9430,1.9653,247919.51000000,1609977599999,506475.3275,2624,92784.89000000,189877.0977,0
111,1609977600000,1.9653,2.6484,1.9653,2.3600,541234.12000000,1610063999999,1229517.5871,5154,276437.97000000,630164.1430,0
112,1610064000000,2.3876,3.8128,2.2100,3.2364,663744.03000000,1610150399999,2149542.6741,4178,340519.67000000,1098970.2211,0
113,1610150400000,3.2311,3.6836,2.9380,3.3859,311973.86000000,1610236799999,1026724.5225,2819,167730.79000000,555273.7415,0
114,1610236800000,3.4047,3.7600,3.1761,3.4739,152584.96000000,1610323199999,526637.4437,1660,69077.98000000,240634.5532,0
115,1610323200000,3.4262,3.5088,2.6457,3.1455,114525.45000000,1610409599999,360340.9025,1707,54148.22000000,168276.9829,0
116,1610409600000,3.1456,3.9200,3.1373,3.9200,104827.84000000,1610495999999,373022.1160,2508,54351.85000000,194895.3926,0
117,1610496000000,3.9200,5.9880,3.5482,3.8126,121755.96000000,1610582399999,483015.0251,2786,62560.46000000,250391.3495,0
118,1610582400000,3.8126,4.2500,3.4693,3.6316,90332.54000000,1610668799999,345065.5868,2059,35940.70000000,139140.4545,0
119,1610668800000,3.6060,3.9500,2.9826,3.2456,134307.91000000,1610755199999,452199.7102,1850,59580.76000000,197140.3888,0
120,1610755200000,3.2783,3.6975,3.2734,3.4555,208509.94000000,1610841599999,723089.0561,3224,126694.61000000,439939.0550,0
121,1610841600000,3.4242,4.0644,3.3306,3.8204,222191.44000000,1610927999999,822735.8298,3242,135089.20000000,505513.6457,0
122,1610928000000,3.8362,4.1562,3.6842,3.8018,140976.36000000,1611014399999,549956.6660,2173,80099.74000000,312286.8253,0
123,1611014400000,3.7988,4.0430,3.5666,3.6463,158482.37000000,1611100799999,602623.6929,2233,87838.29000000,333323.3658,0
124,1611100800000,3.6437,3.7444,3.3514,3.7370,113296.73000000,1611187199999,407301.0210,1604,72093.52000000,258790.4418,0
125,1611187200000,3.7169,3.7181,3.0000,3.0003,103022.98000000,1611273599999,347895.7843,1493,45584.65000000,153751.9572,0
126,1611273600000,3.0003,3.5155,2.7123,3.3262,113560.76000000,1611359999999,349280.2082,1719,65166.01000000,201352.0431,0
127,1611360000000,3.3475,3.6251,3.3103,3.5204,88669.61000000,1611446399999,309148.0905,1055,41267.30000000,144284.2831,0
128,1611446400000,3.5152,3.8173,3.5000,3.6250,60080.67000000,1611532799999,218351.4079,897,30048.11000000,110269.6296,0
129,1611532800000,3.6250,3.9772,3.4494,3.7099,190142.00000000,1611619199999,704567.8729,2097,96078.95000000,356540.3746,0
130,1611619200000,3.7100,4.1050,3.6634,4.0499,173959.82000000,1611705599999,683194.4237,2011,109894.08000000,433110.6500,0
131,1611705600000,4.0499,4.0507,3.5256,3.7000,70858.31000000,1611791999999,267534.5213,978,28642.41000000,107786.4461,0
132,1611792000000,3.6999,3.9514,3.6176,3.8416,77594.78000000,1611878399999,294147.6125,784,39570.83000000,150717.4002,0
133,1611878400000,3.8268,3.8848,3.6500,3.8499,62314.99000000,1611964799999,234976.2657,1080,23182.21000000,87582.4814,0
134,1611964800000,3.8499,4.3308,3.7853,4.2350,280650.59000000,1612051199999,1124443.2048,2612,196853.05000000,786422.5255,0
135,1612051200000,4.2431,4.7897,4.1640,4.2706,359542.37000000,1612137599999,1590544.3210,3477,193969.45000000,865093.9460,0
136,1612137600000,4.2685,4.6196,4.1217,4.6196,85403.49000000,1612223999999,371374.1696,1146,39373.34000000,171983.1345,0
137,1612224000000,4.6269,5.4002,4.4764,5.2558,263444.85000000,1612310399999,1332576.2146,3346,146565.84000000,736756.1609,0
138,1612310400000,5.2558,5.7875,5.0641,5.7427,126073.35000000,1612396799999,677319.7660,2053,53197.42000000,285285.0424,0
139,1612396800000,5.7510,6.5709,5.6148,6.4401,225371.08000000,1612483199999,1337728.5746,3238,95623.30000000,568887.9578,0
140,1612483200000,6.4400,7.1392,6.4400,6.6901,253692.91000000,1612569599999,1719798.6554,4018,113800.50000000,772266.8972,0
141,1612569600000,6.6901,6.8079,5.7600,6.1380,259211.54000000,1612655999999,1601413.0309,4369,119585.47000000,742192.0556,0
142,1612656000000,6.1112,6.9833,5.7539,6.6874,179584.29000000,1612742399999,1162524.1568,3388,92158.70000000,603986.2068,0
143,1612742400000,6.6956,8.3999,6.5051,7.8704,175574.56000000,1612828799999,1330958.4067,5698,83987.07000000,641634.9615,0
144,1612828800000,7.9004,9.0157,7.6101,7.8790,219467.50000000,1612915199999,1763163.6058,6213,103926.13000000,842472.9004,0
145,1612915200000,7.8287,9.0968,7.5900,9.0707,252285.83000000,1613001599999,2110205.9463,6852,114815.77000000,964124.7820,0
146,1613001600000,9.0861,9.9300,8.8084,9.2464,193297.84000000,1613087999999,1784975.7905,7241,101877.83000000,943857.8656,0
147,1613088000000,9.2744,9.9262,9.1257,9.2062,107047.49000000,1613174399999,1014467.9398,3877,47921.77000000,455707.2531,0
148,1613174400000,9.2478,9.5387,8.6800,8.7743,112970.27000000,1613260799999,1029929.5922,3143,53644.70000000,492890.9593,0
149,1613260800000,8.7938,9.3242,8.5507,8.7300,153073.49000000,1613347199999,1359883.0418,3333,66619.89000000,592507.6099,0
150,1613347200000,8.7353,9.3020,7.7000,8.8592,196779.09000000,1613433599999,1673156.5169,4121,84930.20000000,714007.1849,0
151,1613433600000,8.8426,9.0043,7.9610,8.2766,108279.57000000,1613519999999,923146.8800,2189,55993.46000000,478706.6889,0
152,1613520000000,8.3238,8.4340,7.5000,8.2050,154796.63000000,1613606399999,1255660.4789,2738,44676.95000000,363237.5349,0
153,1613606400000,8.2477,9.2898,8.2405,8.9953,92717.58000000,1613692799999,821549.5724,2543,33843.86000000,299274.5163,0
154,1613692800000,9.0051,11.8000,8.5387,11.5369,306596.69000000,1613779199999,3253886.8265,8064,157293.61000000,1677474.9321,0
155,1613779200000,11.5369,12.6638,9.8300,10.0277,219579.99000000,1613865599999,2397298.7224,5190,87191.87000000,960747.1645,0
156,1613865600000,10.0277,11.8881,9.8579,11.1150,191055.02000000,1613951999999,2103791.7998,4575,83904.84000000,928365.5911,0
157,1613952000000,11.1150,14.9700,9.1947,14.4975,886502.35000000,1614038399999,10897518.1204,15292,405772.43000000,5009393.7859,0
158,1614038400000,14.4975,16.0000,11.5979,15.2016,912499.35000000,1614124799999,13147664.6917,22875,392797.55000000,5688343.1282,0
159,1614124800000,15.2390,18.1939,14.8139,17.2369,513408.58000000,1614211199999,8507717.8256,12361,234091.59000000,3877094.2033,0
160,1614211200000,17.2369,17.7270,13.7647,13.7978,324293.60000000,1614297599999,5106207.9412,6747,121867.02000000,1925156.9611,0
161,1614297600000,13.7978,15.5212,13.0901,13.5800,339781.67000000,1614383999999,4821220.6848,5606,138371.11000000,1961298.3062,0
162,1614384000000,13.5800,14.6497,13.0000,13.1760,191690.39000000,1614470399999,2649475.6670,4287,78387.69000000,1085097.6579,0
163,1614470400000,13.1759,15.0000,11.5200,13.3998,228489.97000000,1614556799999,2880710.5169,6881,114768.83000000,1456376.2252,0
164,1614556800000,13.3998,18.5000,13.3998,14.9574,281625.54000000,1614643199999,4385805.7060,12813,133895.27000000,2106254.0508,0
165,1614643200000,14.9606,17.0000,13.5000,13.9900,179849.77000000,1614729599999,2606594.7173,6595,74395.80000000,1089034.3951,0
166,1614729600000,13.9900,14.8571,13.7767,14.1517,251237.14000000,1614815999999,3592943.2023,5156,92713.08000000,1323603.0500,0
167,1614816000000,14.0801,14.2910,12.6892,13.0906,157849.62000000,1614902399999,2097453.6583,3815,66957.80000000,881282.0767,0
168,1614902400000,13.0901,13.0901,12.1495,12.5718,151456.40000000,1614988799999,1908109.5656,2966,76108.84000000,958255.4197,0
169,1614988800000,12.6037,13.3252,11.9000,13.0757,118578.34000000,1615075199999,1492939.1550,2910,45917.30000000,579896.2119,0
170,1615075200000,13.0880,14.0307,12.7070,13.8257,118553.90000000,1615161599999,1588558.9431,3376,56855.85000000,760572.3818,0
171,1615161600000,13.8500,13.9026,13.0527,13.6340,111037.25000000,1615247999999,1505188.0044,2747,38653.53000000,524576.5621,0
172,1615248000000,13.6340,15.0412,13.3305,14.8650,129977.70000000,1615334399999,1858667.1401,4108,70999.85000000,1020195.1656,0
173,1615334400000,14.8650,15.2282,14.0444,14.2005,186354.38000000,1615420799999,2731451.3023,3682,98821.74000000,1454851.8885,0
174,1615420800000,14.2005,16.3356,13.6770,16.0349,245607.96000000,1615507199999,3763574.1725,4766,104012.50000000,1594454.8687,0
175,1615507200000,16.0794,16.5069,14.0900,14.5500,269579.43000000,1615593599999,4135087.2344,4645,117728.51000000,1806088.0834,0
176,1615593600000,14.5688,15.4000,13.8990,15.2881,158936.27000000,1615679999999,2331027.8034,3119,77079.52000000,1134415.5924,0
177,1615680000000,15.2837,15.3598,14.3681,14.4486,85578.09000000,1615766399999,1264421.3222,1946,35662.17000000,527520.7263,0
178,1615766400000,14.4852,14.8047,13.6689,14.1559,100422.35000000,1615852799999,1430091.4665,2159,37218.51000000,530999.3787,0
179,1615852800000,14.2000,14.2759,13.2425,13.6043,91146.68000000,1615939199999,1246324.5185,2086,40128.08000000,548074.4661,0
180,1615939200000,13.7013,14.2766,13.0816,14.2233,70724.87000000,1616025599999,969670.0474,2042,36386.54000000,497832.7294,0
181,1616025600000,14.2475,14.7797,13.9830,14.1909,98043.61000000,1616111999999,1404370.9099,2262,53241.38000000,762809.0614,0
182,1616112000000,14.2215,14.4873,13.8500,14.1132,57213.62000000,1616198399999,811832.9983,1375,22642.82000000,322241.2384,0
183,1616198400000,14.1379,14.9654,14.1059,14.1554,64523.77000000,1616284799999,939169.3559,1833,35434.49000000,516955.3340,0
184,1616284800000,14.1555,14.3663,13.6376,14.3388,59754.78000000,1616371199999,840428.5094,1322,30327.56000000,427303.4413,0
185,1616371200000,14.3388,16.7611,14.1706,14.8300,458035.87000000,1616457599999,7185794.1449,8978,207963.49000000,3273524.5664,0
186,1616457600000,14.8300,15.2214,14.0412,14.1918,112861.06000000,1616543999999,1644991.2019,2512,47566.15000000,696393.5345,0
187,1616544000000,14.1550,15.3320,13.5958,13.5958,119308.84000000,1616630399999,1739115.2699,2801,50462.15000000,742293.0173,0
188,1616630400000,13.5818,13.6810,12.5600,12.9945,162773.41000000,1616716799999,2129570.0410,2671,64306.00000000,841701.2198,0
189,1616716800000,12.9625,14.7906,12.2869,14.7906,224286.99000000,1616803199999,3065261.6144,4072,97522.65000000,1345933.9978,0
190,1616803200000,14.7914,16.8400,14.7037,16.4745,328564.37000000,1616889599999,5182588.2399,6316,159845.92000000,2518379.2125,0
191,1616889600000,16.5486,19.3900,16.3051,18.0841,568830.74000000,1616975999999,10340556.5741,12780,276496.00000000,5021686.9949,0
192,1616976000000,18.1018,19.0004,17.6482,18.9060,196198.07000000,1617062399999,3611783.4763,5505,87346.38000000,1612652.4015,0
193,1617062400000,18.8949,20.8400,18.8826,19.1036,243498.76000000,1617148799999,4819048.0173,6515,109637.91000000,2173084.8597,0
194,1617148800000,19.1108,19.8304,18.0724,19.4389,168356.45000000,1617235199999,3210172.0139,4621,87251.32000000,1671212.7656,0
195,1617235200000,19.4129,20.3473,18.7600,19.0878,134185.65000000,1617321599999,2604905.8406,4177,57847.37000000,1126695.0260,0
196,1617321600000,19.0877,19.7987,18.5318,19.7987,134553.87000000,1617407999999,2575212.5472,4222,68044.02000000,1303105.8942,0
197,1617408000000,19.8000,23.8009,19.7224,22.4600,614579.47000000,1617494399999,13475691.0411,16046,295654.07000000,6455675.9311,0
198,1617494400000,22.4652,25.5356,22.0527,23.8112,571024.79000000,1617580799999,13660900.9082,13458,267112.14000000,6399084.4209,0
199,1617580800000,23.8156,24.6770,22.7660,23.0238,215132.68000000,1617667199999,5101041.1736,6721,109451.22000000,2598407.9560,0
200,1617667200000,23.0534,25.3000,21.8331,25.0783,292772.61000000,1617753599999,6839947.3863,8778,151428.71000000,3538412.0463,0
201,1617753600000,25.0783,28.4802,23.0000,26.5071,530254.86000000,1617839999999,13746655.6750,18608,257987.61000000,6717061.6016,0
202,1617840000000,26.5473,27.9445,25.6135,26.9959,262397.15000000,1617926399999,6967367.6855,7812,112791.62000000,3003058.4763,0
203,1617926400000,26.9716,28.9989,26.7875,27.6861,169975.48000000,1618012799999,4780211.8283,7774,95780.07000000,2696969.9614,0
204,1618012800000,27.6494,28.2465,25.8666,26.8162,170720.16000000,1618099199999,4648000.2395,5617,83308.71000000,2266554.8747,0
205,1618099200000,26.8064,28.6286,25.5240,27.8730,138348.66000000,1618185599999,3747111.7710,5942,69833.68000000,1895367.5767,0
206,1618185600000,27.8730,29.8900,26.8357,28.5625,243404.08000000,1618271999999,6925451.8577,8681,125130.01000000,3559027.8076,0
207,1618272000000,28.5625,28.7699,26.4005,27.4846,149977.72000000,1618358399999,4118411.4578,5632,66769.05000000,1839173.3013,0
208,1618358400000,27.4880,27.5818,24.7472,26.4532,319502.59000000,1618444799999,8372232.9030,9752,150318.71000000,3945756.1197,0
209,1618444800000,26.4322,28.2500,25.4600,27.8025,184166.89000000,1618531199999,4944304.9112,6837,106803.56000000,2870970.7078,0
210,1618531200000,27.8091,28.2500,24.9800,25.3547,195716.23000000,1618617599999,5143933.2386,7072,113171.42000000,2973172.9103,0
211,1618617600000,25.3183,26.7854,24.8446,24.9411,148356.93000000,1618703999999,3830015.1357,6060,72969.70000000,1888064.6993,0
212,1618704000000,24.9203,32.9800,20.9699,32.4222,847134.43000000,1618790399999,23791698.0464,30217,401161.47000000,11317793.7511,0
213,1618790400000,32.4222,36.0139,29.9108,31.5514,778571.21000000,1618876799999,25588456.3109,27445,373138.20000000,12250950.1152,0
214,1618876800000,31.4971,32.7309,28.7118,31.7816,418131.99000000,1618963199999,12845182.3005,12457,210544.65000000,6474404.6260,0
215,1618963200000,31.7682,35.2028,30.1468,32.5772,399223.62000000,1619049599999,13180622.6787,14754,190531.31000000,6297237.8950,0
216,1619049600000,32.5688,41.4724,31.5122,38.9737,901050.44000000,1619135999999,33583628.4006,34229,442631.48000000,16545705.4614,0
217,1619136000000,39.1718,41.6667,31.5719,37.2987,660045.40000000,1619222399999,23711154.8929,23950,299621.84000000,10802179.8358,0
218,1619222400000,37.2987,43.7156,34.6757,40.9722,422356.94000000,1619308799999,16503664.6491,21531,209393.69000000,8192339.4242,0
219,1619308800000,40.8373,48.7833,40.6019,47.7285,744456.05000000,1619395199999,33086126.1913,32243,352875.42000000,15703019.3904,0
220,1619395200000,47.5674,48.5000,43.3755,43.9748,560296.64000000,1619481599999,25900770.3463,26103,278112.04000000,12863317.1527,0
221,1619481600000,44.0626,46.6724,42.6514,43.3017,368441.49000000,1619567999999,16338546.1594,17112,184535.27000000,8197892.1256,0
222,1619568000000,43.2011,46.9820,40.6938,44.9007,385344.27000000,1619654399999,17096238.1679,20262,193626.58000000,8616225.7776,0
223,1619654400000,44.9007,46.1900,40.9200,42.6562,394068.10000000,1619740799999,17012561.6173,15122,210994.71000000,9104638.5992,0
224,1619740800000,42.6011,44.3202,41.2610,42.8725,291971.26000000,1619827199999,12536328.2346,15553,170856.14000000,7338943.7744,0
225,1619827200000,42.8314,49.8999,42.0546,49.5669,308578.26000000,1619913599999,14275171.6291,21094,164166.17000000,7629589.6883,0
226,1619913600000,49.6434,50.0000,46.0000,46.9400,183063.71000000,1619999999999,8706906.6801,11085,79771.46000000,3794755.2656,0
227,1620000000000,46.8612,49.0564,44.8605,46.0835,295499.13000000,1620086399999,13871975.9652,14323,165806.53000000,7778366.7801,0
228,1620086400000,46.0266,47.8005,42.2617,42.6093,296509.51000000,1620172799999,13298374.0273,16608,128082.84000000,5749387.7850,0
229,1620172800000,42.6961,46.0257,42.3878,45.0135,224983.63000000,1620259199999,10029321.7986,13003,109339.90000000,4870525.7372,0
230,1620259200000,44.9787,45.0135,42.6033,43.4439,157597.55000000,1620345599999,6899058.9253,9568,78491.21000000,3437107.6681,0
231,1620345600000,43.4845,46.2652,41.5235,43.2564,273839.83000000,1620431999999,11924869.2093,16026,132222.38000000,5752697.0830,0
232,1620432000000,43.2564,46.6898,42.4125,45.7480,167687.60000000,1620518399999,7473292.2069,11300,89691.20000000,4008810.9094,0
233,1620518400000,45.6638,47.2193,42.9136,44.4268,156025.10000000,1620604799999,7025997.6984,11665,68104.28000000,3070649.3750,0
234,1620604800000,44.3227,45.9610,39.6197,42.9721,192738.84000000,1620691199999,8355554.7991,12134,85714.61000000,3730591.6391,0
235,1620691200000,42.9721,45.1902,39.8165,44.5667,183435.46000000,1620777599999,7698011.2054,12453,89973.39000000,3781652.7625,0
236,1620777600000,44.5668,49.2641,42.1534,43.2410,531821.32000000,1620863999999,24486010.8805,34065,237987.55000000,10982093.5562,0
237,1620864000000,43.2411,47.7522,37.5000,40.9653,451383.46000000,1620950399999,18783221.8341,26208,206251.93000000,8617613.5192,0
238,1620950400000,41.0684,44.9938,40.0180,42.8161,262290.93000000,1621036799999,11153083.7374,14523,130196.34000000,5518887.9021,0
239,1621036800000,42.7189,45.5791,39.3883,43.3500,246330.68000000,1621123199999,10387774.8481,14293,119329.52000000,5051614.9944,0
240,1621123200000,43.5365,52.4477,41.8646,46.8304,750813.28000000,1621209599999,35412473.3149,41174,358079.16000000,16955208.0920,0
241,1621209600000,46.7726,51.9000,43.1512,46.6945,769872.24000000,1621295999999,37225788.1092,42299,357007.73000000,17300720.0931,0
242,1621296000000,46.8041,58.9232,46.0445,56.0863,670462.06000000,1621382399999,35465689.0585,43173,331931.31000000,17584431.3233,0
243,1621382400000,56.1094,57.7894,29.5001,35.0871,1156015.24000000,1621468799999,51758457.8952,64362,528210.10000000,23707431.0954,0
244,1621468800000,35.0000,52.4973,32.1896,44.4021,969743.50000000,1621555199999,41548305.8563,54194,499745.35000000,21002181.5513,0
245,1621555200000,44.4223,47.7444,33.6991,38.9394,645169.21000000,1621641599999,25830916.8063,36116,306261.16000000,12362419.5770,0
246,1621641600000,38.9500,40.0000,31.2005,31.2940,477549.48000000,1621727999999,16718011.2641,21381,235545.87000000,8216646.9584,0
247,1621728000000,31.2580,32.4349,19.0000,24.5835,1141100.77000000,1621814399999,28217008.1677,37306,517396.90000000,12845082.3891,0
248,1621814400000,24.5836,32.7337,24.5406,31.4379,891630.91000000,1621900799999,25820661.7664,30017,476357.07000000,13780026.4376,0
249,1621900800000,31.4384,33.2564,26.0000,30.1023,606030.85000000,1621987199999,17758007.3553,23194,284460.02000000,8378775.8888,0
250,1621987200000,30.1229,37.2694,28.9094,35.5020,696095.08000000,1622073599999,23341677.7861,28824,348680.22000000,11697524.5693,0
251,1622073600000,35.5158,35.6531,31.1342,33.7481,443318.67000000,1622159999999,14951482.2463,17490,221201.15000000,7491648.1279,0
252,1622160000000,33.7957,34.5553,27.9863,29.0474,471353.80000000,1622246399999,14401507.5309,15587,192927.61000000,5877030.5017,0
253,1622246400000,29.0285,30.0433,25.6266,27.4472,358546.40000000,1622332799999,9896064.2061,11250,178939.20000000,4958841.9373,0
254,1622332800000,27.4472,29.7872,25.6500,28.5748,306543.83000000,1622419199999,8584632.0677,9986,144156.30000000,4078451.9282,0
255,1622419200000,28.5875,33.0000,27.4883,32.8157,406536.91000000,1622505599999,12641803.8351,13887,222825.10000000,6922432.7595,0
256,1622505600000,32.7014,33.2656,29.8254,31.0279,326337.91000000,1622591999999,10264211.9643,10370,154433.39000000,4862482.4830,0
257,1622592000000,30.9785,35.0000,30.4486,33.9525,464825.68000000,1622678399999,15566414.1371,13703,236483.72000000,7894697.9216,0
258,1622678400000,34.0113,41.3697,33.7413,39.5440,961231.19000000,1622764799999,36637704.3642,31635,464777.79000000,17712770.9378,0
259,1622764800000,39.5721,39.7162,34.2905,37.4480,1047426.58000000,1622851199999,39117644.3933,27578,488639.79000000,18293328.3145,0
260,1622851200000,37.4081,42.7547,37.0411,39.6839,1082199.46000000,1622937599999,43698913.4241,32985,538893.55000000,21766041.3084,0
261,1622937600000,39.6371,43.4461,38.9618,42.2563,685094.41000000,1623023999999,28343178.7535,22916,367248.88000000,15213905.4552,0
262,1623024000000,42.1979,44.1800,37.8000,38.2935,731751.95000000,1623110399999,30616709.0196,28060,370800.39000000,15596344.7428,0
263,1623110400000,38.2116,42.6146,33.5232,41.1992,1139357.15000000,1623196799999,43080186.8876,39154,595150.64000000,22581310.9487,0
264,1623196800000,41.2804,44.5810,39.1843,42.0182,656359.87000000,1623283199999,27596836.1552,33755,333716.52000000,14086195.9636,0
265,1623283200000,42.0900,43.0000,39.5000,41.0812,305210.40000000,1623369599999,12609251.3094,16063,153198.08000000,6338952.4721,0
266,1623369600000,41.0792,41.3537,35.1387,36.1831,475710.41000000,1623455999999,18030030.7774,18098,225195.41000000,8538948.0846,0
267,1623456000000,36.0991,37.7100,34.2000,36.4939,365581.88000000,1623542399999,13135615.6364,13513,182173.87000000,6560844.4706,0
268,1623542400000,36.5605,39.4000,34.6973,38.7028,294898.72000000,1623628799999,11007168.5813,12891,149463.48000000,5591980.3952,0
269,1623628800000,38.7821,40.5856,36.7500,39.7185,341205.14000000,1623715199999,13250611.3405,14937,178736.77000000,6949338.2541,0
270,1623715200000,39.7571,41.7337,39.1999,39.5505,307160.89000000,1623801599999,12407243.4771,15758,171373.34000000,6930675.1289,0
271,1623801600000,39.4969,41.6352,37.5000,39.6127,374067.14000000,1623887999999,14746313.5769,15384,184685.95000000,7304172.1323,0
272,1623888000000,39.6803,41.2346,38.1994,39.2179,308380.54000000,1623974399999,12240348.4508,12388,164267.61000000,6520439.9293,0
273,1623974400000,39.2789,39.4256,34.9189,36.8000,284785.97000000,1624060799999,10534605.0847,11204,139198.52000000,5154942.9754,0
274,1624060800000,36.8012,37.3128,34.9658,35.1826,154717.53000000,1624147199999,5569245.4906,6165,75705.72000000,2734089.3799,0
275,1624147200000,35.1800,35.9263,31.2521,35.3126,363798.51000000,1624233599999,12309045.9513,14044,182753.14000000,6199191.9988,0
276,1624233600000,35.2632,35.4756,25.9662,26.6576,863395.26000000,1624319999999,25828570.3424,25836,372767.69000000,11171711.1824,0
277,1624320000000,26.5961,29.3100,20.2300,26.9437,589766.90000000,1624406399999,14645723.9031,23878,274869.83000000,6866638.4803,0
278,1624406400000,26.9437,32.9181,25.6518,30.8268,676802.58000000,1624492799999,20292083.8662,31257,317240.74000000,9522345.3998,0
279,1624492800000,30.8536,32.9953,28.4690,31.2214,472614.01000000,1624579199999,14495896.4862,22654,226924.62000000,6968614.7680,0
280,1624579200000,31.2072,32.9689,27.9952,28.6524,521058.49000000,1624665599999,15598543.2823,24453,249509.19000000,7478933.0177,0
281,1624665600000,28.6454,30.0000,26.7147,29.6736,341129.61000000,1624751999999,9633210.0177,17060,163670.57000000,4633853.3564,0
282,1624752000000,29.6077,31.9209,29.1838,31.9027,287205.34000000,1624838399999,8742012.2802,13415,135881.90000000,4137804.0841,0
283,1624838400000,31.9026,34.2891,30.9906,32.9414,267514.74000000,1624924799999,8716123.6817,15514,143468.78000000,4664951.7579,0
284,1624924800000,32.9759,35.8084,32.7000,34.0079,240194.64000000,1625011199999,8282663.3031,14863,126540.28000000,4365164.2824,0
285,1625011200000,34.0075,35.9866,31.5900,35.5311,384986.46000000,1625097599999,12888457.5099,19890,177565.18000000,5958582.5177,0
286,1625097600000,35.5806,35.5806,32.2189,33.3064,601736.11000000,1625183999999,20179849.8880,21388,285618.93000000,9577412.4263,0
287,1625184000000,33.3030,34.0762,31.4200,34.0148,534953.30000000,1625270399999,17453484.3458,17647,256434.49000000,8374713.2785,0
288,1625270400000,34.0084,35.3682,33.2500,34.4936,271640.12000000,1625356799999,9327004.6646,10660,120585.60000000,4149115.6336,0
289,1625356800000,34.5124,35.4969,33.5706,34.3290,266461.98000000,1625443199999,9249595.6377,10567,109813.52000000,3813675.7292,0
290,1625443200000,34.3031,34.4715,32.4761,32.9293,382144.39000000,1625529599999,12788021.4261,12798,166694.48000000,5574666.2611,0
291,1625529600000,32.9234,35.0318,32.9106,34.2608,427460.26000000,1625615999999,14455161.7746,12815,205132.43000000,6944040.1033,0
292,1625616000000,34.2386,38.0262,33.8526,36.6949,548283.98000000,1625702399999,19962568.9677,22647,277191.51000000,10095155.3709,0
293,1625702400000,36.6547,36.9153,32.7311,33.1664,745460.76000000,1625788799999,25997825.6622,21590,332348.50000000,11599992.9133,0
294,1625788800000,33.1320,34.4266,31.9932,33.2994,375377.85000000,1625875199999,12460837.8286,12353,185592.98000000,6163516.5574,0
295,1625875200000,33.3087,34.2070,31.0962,31.7361,390564.02000000,1625961599999,12755332.6881,12305,175443.44000000,5731971.4911,0
296,1625961600000,31.7272,32.5686,31.3694,32.1818,199786.47000000,1626047999999,6397081.6668,6119,109972.93000000,3524478.6163,0
297,1626048000000,32.2068,32.6760,30.0665,30.7803,256903.16000000,1626134399999,7993117.5933,8361,116464.66000000,3620546.5171,0
298,1626134400000,30.7969,31.0769,28.8356,29.1061,267488.94000000,1626220799999,8000433.2834,8385,135487.97000000,4059462.4270,0
299,1626220800000,29.1366,31.4459,27.4365,31.3611,428250.78000000,1626307199999,12715087.2092,12609,180121.31000000,5339801.8652,0
300,1626307200000,31.3666,31.4882,27.9999,28.5411,441989.83000000,1626393599999,13073254.8295,12897,186986.97000000,5544751.0340,0
301,1626393600000,28.5664,29.4563,26.2028,26.2786,384429.53000000,1626479999999,10654919.2070,11879,186416.88000000,5171290.6109,0
302,1626480000000,26.2458,27.7883,26.0077,26.8000,321404.13000000,1626566399999,8550413.3444,8854,167147.66000000,4451458.2217,0
303,1626566400000,26.7803,27.7508,26.2719,26.6552,185612.12000000,1626652799999,5005467.4733,5406,84574.68000000,2283207.6470,0
304,1626652800000,26.6851,26.7078,24.0133,24.5151,414586.54000000,1626739199999,10354807.8928,12436,166147.35000000,4151097.8302,0
305,1626739200000,24.5152,24.9775,22.0901,23.4729,563885.46000000,1626825599999,13118099.5013,15979,246333.59000000,5730793.4749,0
306,1626825600000,23.4818,27.4307,22.8144,26.6727,648922.03000000,1626911999999,16472156.2167,17645,320833.66000000,8142503.8899,0
307,1626912000000,26.6860,28.1799,25.9226,27.7340,472414.63000000,1626998399999,12807193.1264,15457,219598.38000000,5972492.9265,0
308,1626998400000,27.7210,28.6983,26.4131,28.4866,459641.31000000,1627084799999,12687930.2635,17694,210782.08000000,5828412.7822,0
309,1627084800000,28.5077,29.4956,28.0402,28.6383,423848.89000000,1627171199999,12176826.1257,13672,215988.35000000,6209924.0722,0
310,1627171200000,28.6539,28.8884,26.5503,28.2474,380481.62000000,1627257599999,10549060.7190,11262,173535.85000000,4818837.7522,0
311,1627257600000,28.2488,31.1087,27.8480,28.1925,658032.95000000,1627343999999,19540835.6618,30807,295835.64000000,8804769.0549,0
312,1627344000000,28.1980,28.9807,26.9130,28.1428,221306.53000000,1627430399999,6154277.2380,11325,93588.10000000,2605555.8622,0
313,1627430400000,28.1108,28.7684,27.3841,27.8976,182291.30000000,1627516799999,5109525.2446,8321,87951.08000000,2467926.3528,0
314,1627516800000,27.8682,31.8733,27.3200,31.2812,321630.68000000,1627603199999,9641222.9650,16679,177094.74000000,5296143.6870,0
315,1627603200000,31.2808,33.0581,30.0000,32.3853,568166.07000000,1627689599999,17983134.0005,27934,290143.72000000,9203890.2204,0
316,1627689600000,32.3905,36.9855,31.6948,36.8078,539238.63000000,1627775999999,18426538.7854,30411,277091.19000000,9512793.7693,0
317,1627776000000,36.8074,36.8420,33.2510,34.1814,437830.41000000,1627862399999,15456266.8636,22780,193619.85000000,6853479.6015,0
318,1627862400000,34.1767,35.9205,33.0200,33.1889,307831.50000000,1627948799999,10530395.7714,17233,139457.08000000,4785120.4820,0
319,1627948800000,33.1889,35.8377,32.3562,34.1092,415169.59000000,1628035199999,14222159.7181,22335,198863.30000000,6835224.1605,0
320,1628035200000,34.0956,36.6475,33.2591,35.7483,354633.89000000,1628121599999,12383241.1797,21716,175967.76000000,6165785.9538,0
321,1628121600000,35.7964,38.2472,35.5072,37.3496,458547.55000000,1628207999999,16970703.5238,27309,223189.22000000,8284468.3139,0
322,1628208000000,37.3970,40.4004,35.6662,39.5231,406092.34000000,1628294399999,15557888.8375,24402,197827.47000000,7597260.5725,0
323,1628294400000,39.4838,40.5211,37.5595,39.5047,390732.11000000,1628380799999,15269039.6541,23806,164721.71000000,6453351.3131,0
324,1628380800000,39.5379,39.5916,36.9183,37.7021,285331.94000000,1628467199999,10915186.3905,16951,131692.89000000,5047664.1112,0
325,1628467200000,37.6899,40.0261,36.4013,38.7104,300148.56000000,1628553599999,11570771.6036,19847,138660.48000000,5356431.4116,0
326,1628553600000,38.6910,41.6678,38.2259,40.6787,338264.89000000,1628639999999,13612501.8122,25729,179747.79000000,7242944.9417,0
327,1628640000000,40.6424,43.7284,40.6095,41.6482,347960.48000000,1628726399999,14735972.5173,26626,186508.38000000,7906955.0410,0
328,1628726400000,41.6478,43.3939,39.3417,41.1078,390981.64000000,1628812799999,16056278.2591,24377,183578.64000000,7556556.1049,0
329,1628812800000,41.1009,44.9303,40.7016,44.8921,302262.83000000,1628899199999,13141656.9846,22829,161636.40000000,7018537.4810,0
330,1628899200000,44.8829,44.9053,42.6104,44.1193,186401.29000000,1628985599999,8164719.8149,14631,99290.45000000,4355446.5684,0
331,1628985600000,44.1687,54.7876,43.4094,53.5620,771039.55000000,1629071999999,38316988.9017,59842,419486.53000000,20820787.0793,0
332,1629072000000,53.5866,69.1186,52.3328,62.1052,1873424.29000000,1629158399999,117546142.3433,128702,915461.97000000,57338627.0302,0
333,1629158400000,62.1052,75.0488,58.6999,64.2342,1898075.72000000,1629244799999,129135526.6408,134574,912005.69000000,61988334.4447,0
334,1629244800000,64.2142,80.5846,59.8922,72.7547,1992427.37000000,1629331199999,143488388.7487,145913,959812.16000000,69201615.4676,0
335,1629331200000,72.7555,75.3919,68.4837,72.8557,1277627.47000000,1629417599999,91931050.6639,86933,617648.55000000,44525678.3361,0
336,1629417600000,72.8328,79.9938,70.9500,78.6804,806750.37000000,1629503999999,60468706.9801,63866,389800.62000000,29317396.0580,0
337,1629504000000,78.6804,81.9713,72.6825,73.8843,623589.79000000,1629590399999,47953172.8932,53546,243020.49000000,18732160.9654,0
338,1629590400000,73.9540,77.5696,71.3493,72.7774,453502.68000000,1629676799999,33859717.9453,32802,206573.81000000,15436981.0281,0
339,1629676800000,72.7774,76.7642,71.5900,75.6462,569593.65000000,1629763199999,42082251.9185,40087,302739.04000000,22409091.3473,0
340,1629763200000,75.6800,79.3904,68.6776,70.6148,1334913.38000000,1629849599999,99726200.9080,88141,624973.10000000,46834297.3542,0
341,1629849600000,70.5176,72.7806,66.2100,71.9862,782921.46000000,1629935999999,54538747.5227,55052,409858.43000000,28679985.8611,0
342,1629936000000,71.9862,78.3887,66.2995,74.8658,3530022.97000000,1630022399999,259187275.3714,167956,1682763.57000000,123726456.0542,0
343,1630022400000,74.8657,88.9007,72.6088,88.1027,1602571.15000000,1630108799999,129666567.9494,111492,789316.45000000,63837886.8546,0
344,1630108800000,88.0348,97.8900,85.6399,96.1927,566168.32000000,1630195199999,52296324.3062,66176,287679.77000000,26620287.7302,0
345,1630195200000,96.1976,97.8370,90.4962,94.2359,380257.01000000,1630281599999,35724166.7687,47464,172553.81000000,16232332.2035,0
346,1630281600000,94.2370,116.3362,93.6666,110.1779,1217718.92000000,1630367999999,128275106.5154,139231,598113.48000000,62882318.4958,0
347,1630368000000,110.2397,130.0000,102.8378,108.3400,1634757.73000000,1630454399999,188859978.4810,184099,772775.74000000,89309928.4498,0
348,1630454400000,108.2689,119.7367,105.9746,110.6007,805611.86000000,1630540799999,90791507.4221,96690,398540.90000000,44952705.2873,0
349,1630540800000,110.7137,132.0000,109.3138,128.2636,871018.74000000,1630627199999,105410449.1348,117579,442844.99000000,53711260.8329,0
350,1630627200000,128.2754,148.9770,128.2130,146.3637,942133.70000000,1630713599999,131574857.0866,154161,462999.98000000,64590284.3374,0
351,1630713600000,146.3638,150.6559,135.7832,139.0265,551821.95000000,1630799999999,79462286.4045,89994,258570.67000000,37277905.9051,0
352,1630800000000,139.0662,145.1306,134.4155,142.1499,368283.16000000,1630886399999,51566519.7413,64463,175789.22000000,24653726.5170,0
353,1630886400000,142.0476,166.2111,137.4334,164.3059,666092.97000000,1630972799999,101698865.5939,114589,343486.63000000,52460426.3223,0
354,1630972800000,164.3096,195.3400,131.0000,173.4685,2160343.48000000,1631059199999,377487969.0440,351204,1039106.64000000,181954230.1299,0
355,1631059200000,173.3839,198.0871,146.6466,191.0000,1387562.54000000,1631145599999,242105360.1651,218341,684537.69000000,119944811.5170,0
356,1631145600000,191.0000,216.0000,180.7000,187.7942,1331184.82000000,1631231999999,268569650.6690,223749,648749.43000000,130983948.2474,0
357,1631232000000,187.9738,197.4737,168.0000,179.4484,764602.91000000,1631318399999,138023960.9197,139391,371944.14000000,67197417.4020,0
358,1631318400000,179.6506,193.5670,175.2083,179.1666,641346.15000000,1631404799999,117935072.8423,116145,307534.71000000,56570417.8008,0
359,1631404800000,179.1311,181.6130,170.2000,174.2250,325920.03000000,1631491199999,57573604.8215,59922,154663.13000000,27349088.7524,0
360,1631491200000,174.1956,175.0550,150.4000,169.7834,760728.88000000,1631577599999,123101937.4788,132452,362998.13000000,58742245.7219,0
361,1631577600000,169.6516,171.9941,142.6500,158.8089,680963.56000000,1631663999999,107392386.2076,125884,323634.81000000,51197314.5208,0
362,1631664000000,158.8250,166.5157,153.7500,158.8602,470084.66000000,1631750399999,75049746.5533,83224,232283.45000000,37125816.7491,0
363,1631750400000,158.7039,163.1816,147.3614,152.1082,293171.98000000,1631836799999,45472962.0584,56796,132738.98000000,20627736.9402,0
364,1631836800000,152.0712,153.4499,133.9000,147.5367,487018.41000000,1631923199999,69703771.7319,82069,228417.19000000,32705062.8393,0
365,1631923200000,147.6572,171.5824,144.0452,169.3238,604282.45000000,1632009599999,96041514.7838,90478,304761.05000000,48502809.9854,0
366,1632009600000,169.4086,170.9200,150.6726,152.9536,389233.93000000,1632095999999,62495370.8105,62258,190631.30000000,30609653.2168,0
367,1632096000000,152.9183,153.4460,130.2766,132.8327,806698.04000000,1632182399999,113803137.4182,132393,387679.09000000,54790526.2689,0
368,1632182400000,132.6621,144.6057,115.8800,124.0486,937084.83000000,1632268799999,124121381.2351,143978,448647.11000000,59590724.3343,0
369,1632268800000,124.2346,151.6239,122.1146,148.1608,739452.10000000,1632355199999,101466126.9036,122606,377565.86000000,51843090.1784,0
370,1632355200000,148.1608,152.4970,143.0243,149.9533,523039.86000000,1632441599999,77444776.3001,93637,259277.27000000,38416602.1438,0
371,1632441600000,149.9171,151.5574,128.2395,139.2490,450230.98000000,1632527999999,62590545.3898,85944,215534.68000000,30004959.4599,0
372,1632528000000,139.2490,144.0784,133.5403,136.1839,297202.28000000,1632614399999,41358915.5539,58906,144862.09000000,20168997.7048,0
373,1632614400000,136.1798,140.8434,124.8824,135.7970,329063.32000000,1632700799999,44203551.9125,63968,157749.10000000,21218314.7704,0
374,1632700800000,135.7248,148.9796,133.7690,136.4197,350743.38000000,1632787199999,50087315.8276,71123,179468.82000000,25634282.2967,0
375,1632787200000,136.4083,139.4573,128.1500,132.2787,357225.76000000,1632873599999,47944999.4608,65384,170863.07000000,22946372.7859,0
376,1632873600000,132.2083,140.1620,131.1342,135.3317,253334.75000000,1632959999999,34513514.4184,48256,123019.79000000,16779227.9640,0
377,1632960000000,135.3174,143.0000,134.0240,141.3639,238144.85000000,1633046399999,33012300.6534,47890,124598.81000000,17281845.3302,0
378,1633046400000,141.4003,165.0999,138.2430,161.6009,431306.38000000,1633132799999,66274525.4464,86216,228041.86000000,35049181.2966,0
379,1633132800000,161.7600,175.0000,156.2184,169.1316,407913.71000000,1633219199999,67942867.4485,73852,204427.20000000,34135044.1120,0
380,1633219200000,168.9996,177.8308,165.5188,173.0344,388457.59000000,1633305599999,66961430.7576,71415,194955.91000000,33623208.7411,0
381,1633305600000,172.9957,173.1397,162.2408,167.1888,288401.20000000,1633391999999,48547709.2355,65540,140100.60000000,23601186.8483,0
382,1633392000000,167.1489,170.2134,160.0576,164.6726,259687.98000000,1633478399999,42954466.1765,47382,122833.75000000,20313875.4159,0
383,1633478400000,164.6816,165.4817,150.2884,153.9029,378986.88000000,1633564799999,59731453.9258,80591,178756.42000000,28205950.2935,0
384,1633564800000,153.9158,161.4579,149.9743,154.3183,393965.55000000,1633651199999,61339332.9619,82870,200512.53000000,31238976.5902,0
385,1633651200000,154.3418,168.9498,152.4726,158.8289,334677.15000000,1633737599999,54061367.3520,75537,169060.03000000,27323434.2090,0
386,1633737600000,158.7962,161.5882,154.2549,156.8059,134788.13000000,1633823999999,21352314.5590,33259,66051.63000000,10468472.4041,0
387,1633824000000,156.8110,158.4686,146.0000,147.7059,157314.58000000,1633910399999,24059873.7735,34807,69275.49000000,10607010.8791,0
388,1633910400000,147.6898,154.1134,140.2511,144.8792,198934.31000000,1633996799999,29284167.5612,44222,93798.57000000,13820441.7298,0
389,1633996800000,144.9064,153.4106,137.6532,152.4486,273785.64000000,1634083199999,39984078.0407,63903,132230.27000000,19335245.8746,0
390,1634083200000,152.4046,155.5000,144.3018,148.0192,233364.47000000,1634169599999,34578923.2954,48932,116979.25000000,17345431.7879,0
391,1634169600000,148.1185,155.6707,147.2663,150.0856,217169.37000000,1634255999999,32852490.4228,39291,119130.50000000,18020659.8362,0
392,1634256000000,149.9154,165.3464,146.7750,163.0794,435558.72000000,1634342399999,69168734.4989,81616,219323.60000000,34839692.9298,0
393,1634342400000,163.2276,164.8114,156.5126,157.5133,138478.00000000,1634428799999,22176160.3229,26416,66800.70000000,10700093.4381,0
394,1634428800000,157.5135,167.4826,153.3784,160.1352,190439.60000000,1634515199999,30743876.6848,42017,96474.55000000,15589275.3139,0
395,1634515200000,160.1431,162.8976,154.9291,157.2397,153079.35000000,1634601599999,24270314.2224,32333,74298.88000000,11788450.6939,0
396,1634601600000,157.1573,159.3918,153.0420,155.8547,147563.09000000,1634687999999,23071912.3823,27815,68800.84000000,10767075.3883,0
397,1634688000000,155.8482,176.9061,155.1450,176.8530,342400.29000000,1634774399999,57600026.3026,66664,184260.81000000,30973362.4540,0
398,1634774400000,176.8448,194.0758,142.1435,190.3500,715407.32000000,1634860799999,132174932.8773,148770,345331.33000000,63938881.4883,0
399,1634860800000,190.4978,215.0000,187.9469,196.1227,743294.08000000,1634947199999,151123255.6990,143289,371205.49000000,75466183.7046,0
400,1634947200000,196.1899,205.7311,192.0000,197.8155,280761.62000000,1635033599999,55862787.0628,52819,134788.23000000,26834453.7850,0
401,1635033600000,197.7957,204.9368,185.2885,202.2543,292940.44000000,1635119999999,57254830.5882,63884,148106.54000000,28997545.1712,0
402,1635120000000,202.3503,219.0000,198.1194,209.7476,356635.44000000,1635206399999,74660921.2141,79649,174448.05000000,36514217.4752,0
403,1635206400000,209.6398,215.0000,196.1000,199.8499,284029.30000000,1635292799999,58699289.5499,54789,139354.87000000,28824543.2482,0
404,1635292800000,199.8190,205.5372,179.5517,184.4829,385802.77000000,1635379199999,74170365.3924,85811,178478.11000000,34318000.6072,0
405,1635379200000,184.5502,201.4361,181.7864,195.4452,288759.59000000,1635465599999,55768538.9273,61203,147828.93000000,28560745.1815,0
406,1635465600000,195.4697,205.1633,194.6153,200.3904,152759.75000000,1635551999999,30659090.6479,44631,78373.84000000,15746964.8489,0
407,1635552000000,200.4545,200.6402,187.3118,195.8968,132272.84000000,1635638399999,25732830.9653,45796,62224.91000000,12119810.6159,0
408,1635638400000,195.8758,205.0852,185.5609,202.7065,173451.38000000,1635724799999,33924076.0008,57765,93642.28000000,18354851.4276,0
409,1635724800000,202.7166,211.6421,197.8966,204.0416,235144.29000000,1635811199999,48202137.6826,69102,123243.73000000,25287459.8340,0
410,1635811200000,204.0836,222.6128,201.1645,221.0721,245759.67000000,1635897599999,51918186.5675,79002,138796.85000000,29322100.8529,0
411,1635897600000,220.9691,246.4984,216.0077,243.4276,520068.48000000,1635983999999,120116172.0088,142896,270370.75000000,62488912.1843,0
412,1635984000000,243.4130,250.5957,234.4756,247.2501,347325.83000000,1636070399999,84065391.9659,107230,183755.76000000,44506628.7583,0
413,1636070400000,247.2856,248.4645,230.5537,236.3431,181591.75000000,1636156799999,43325853.6936,63301,87657.39000000,20915413.5749,0
414,1636156800000,236.2596,260.0000,235.0000,258.3773,210587.78000000,1636243199999,52314752.4886,76955,109437.97000000,27235246.2103,0
415,1636243200000,258.5657,258.7784,245.4000,249.7441,139238.20000000,1636329599999,35115971.7396,46304,63894.50000000,16114029.7501,0
416,1636329600000,249.7826,253.3286,240.8411,248.4585,178324.89000000,1636415999999,43939548.8481,59795,83638.39000000,20615976.7237,0
417,1636416000000,248.2745,253.3146,237.6221,239.0978,158614.43000000,1636502399999,38748455.6663,53753,74344.48000000,18192566.0520,0
418,1636502400000,239.0754,249.3094,217.4000,233.2980,301073.93000000,1636588799999,70931933.2213,86320,149990.55000000,35403036.6969,0
419,1636588800000,233.3509,246.4962,229.5281,233.5261,168078.04000000,1636675199999,40199098.5208,53036,83423.58000000,19964009.7547,0
420,1636675200000,233.5244,239.1096,220.6470,228.4704,222693.72000000,1636761599999,51035629.5620,65786,106196.86000000,24335531.8898,0
421,1636761600000,228.4594,241.9464,224.9031,241.5930,153954.49000000,1636847999999,35904195.3569,50750,76702.25000000,17919407.6874,0
422,1636848000000,241.6389,241.9509,230.4346,238.6798,111945.18000000,1636934399999,26434384.0945,38998,55603.95000000,13134305.7766,0
423,1636934400000,238.8015,246.6259,234.5943,238.1746,152114.73000000,1637020799999,36659942.5544,51670,72119.40000000,17398103.4525,0
424,1637020800000,238.1746,238.1746,214.2449,219.0629,271561.37000000,1637107199999,61253018.3447,81603,128427.33000000,28986004.8844,0
425,1637107200000,219.1564,222.4361,210.0000,218.9951,174685.41000000,1637193599999,37688028.3887,50393,82107.02000000,17734796.7327,0
426,1637193600000,219.0659,222.8369,186.7449,195.2399,358008.54000000,1637279999999,72687224.8366,102151,172799.36000000,35102722.5457,0
427,1637280000000,195.1359,220.3599,189.3200,215.4542,295966.48000000,1637366399999,60843329.4142,80917,157077.57000000,32378555.8975,0
428,1637366400000,215.4706,221.3201,206.1061,217.9073,169133.67000000,1637452799999,36309578.4492,46213,85864.53000000,18450016.2387,0
429,1637452800000,217.8766,235.5434,210.6693,230.6826,196273.05000000,1637539199999,43725381.9439,59527,102874.28000000,22940787.9165,0
430,1637539200000,230.7812,232.1330,211.7872,215.7836,282215.99000000,1637625599999,62288583.2870,79469,137965.22000000,30459880.3303,0
431,1637625600000,215.8228,226.1486,211.0180,221.8306,179875.79000000,1637711999999,39319555.5256,55094,93656.86000000,20494723.8940,0
432,1637712000000,221.9774,222.5478,200.2301,205.7701,184533.60000000,1637798399999,39042310.8068,56694,85774.15000000,18175578.1546,0
433,1637798400000,205.7803,216.4932,202.0914,210.1046,199017.63000000,1637884799999,41783639.8517,50340,98832.93000000,20764881.7368,0
434,1637884800000,210.2485,210.6525,182.0917,192.4946,282237.22000000,1637971199999,54816833.5756,84032,133178.64000000,25864516.3704,0
435,1637971200000,192.5305,199.4797,190.7795,192.9864,121675.59000000,1638057599999,23803968.9318,34795,61521.57000000,12039037.0937,0
436,1638057600000,192.8744,202.2206,181.2000,200.9112,173708.28000000,1638143999999,33027612.7903,49687,83552.93000000,15912649.0928,0
437,1638144000000,200.8536,212.8916,199.8297,204.2577,146573.14000000,1638230399999,30199770.3437,46002,76304.67000000,15726254.7175,0
438,1638230400000,204.2065,218.5728,199.7348,208.5555,200353.71000000,1638316799999,41991954.2157,65569,97428.47000000,20455600.6447,0
439,1638316800000,208.6938,232.5220,208.0000,229.9885,218760.00000000,1638403199999,48835606.0686,75512,114773.64000000,25598400.4083,0
440,1638403200000,229.9788,243.2337,220.0660,233.7546,287025.49000000,1638489599999,66030979.4437,88066,141607.48000000,32595565.5764,0
441,1638489600000,233.7553,239.5538,205.1229,211.8684,281673.74000000,1638575999999,62755945.5924,88314,133915.28000000,29873274.9204,0
442,1638576000000,211.7435,212.7055,172.2489,201.1579,487599.05000000,1638662399999,95273030.1954,162048,236283.29000000,46161785.9727,0
443,1638662400000,201.1000,204.8101,182.7500,199.3355,179952.36000000,1638748799999,35181953.8725,86005,92756.39000000,18150768.3530,0
444,1638748800000,199.3355,199.8689,178.6015,195.0487,146644.00000000,1638835199999,27955016.0691,77657,71678.79000000,13688650.5169,0
445,1638835200000,195.0744,204.2802,188.1081,190.3491,174764.15000000,1638921599999,34495232.8441,52469,83378.17000000,16483297.5379,0
446,1638921600000,190.3955,196.4797,183.7728,194.6564,188210.72000000,1639007999999,35931532.6791,54780,97417.06000000,18624715.0498,0
447,1639008000000,194.7822,196.7788,178.7500,181.3065,161880.79000000,1639094399999,30125003.4543,48277,70967.59000000,13227178.3312,0
448,1639094400000,181.1397,184.6309,167.2886,167.5248,154882.29000000,1639180799999,27262677.4742,49182,68594.81000000,12098790.2576,0
449,1639180800000,167.3500,173.8525,161.4100,172.2351,104707.94000000,1639267199999,17700183.5645,33716,53696.06000000,9086877.6826,0
450,1639267200000,172.2351,176.8877,167.8063,172.9674,68492.38000000,1639353599999,11789835.3604,20586,34051.47000000,5862336.1941,0
451,1639353600000,172.8993,172.8993,147.6560,155.0526,225756.46000000,1639439999999,36002572.2949,56044,108487.57000000,17348279.3741,0
452,1639440000000,155.1251,163.3512,149.6429,161.4587,169079.24000000,1639526399999,26465552.4069,43890,81974.60000000,12839768.8135,0
453,1639526400000,161.4384,182.7291,156.8756,178.4526,264944.74000000,1639612799999,45031949.0855,71570,132360.27000000,22505565.2580,0
454,1639612800000,178.5405,189.1376,174.4158,176.7224,157931.85000000,1639699199999,28689320.9139,45760,77196.77000000,14032445.2533,0
455,1639699200000,176.8621,182.4564,168.1070,175.5794,159779.69000000,1639785599999,28145657.6918,45500,74549.83000000,13147415.6790,0
456,1639785600000,175.4938,184.3466,171.1080,182.8978,86305.59000000,1639871999999,15385003.2643,27138,43311.44000000,7725348.2568,0
457,1639872000000,182.8296,189.4512,178.3846,180.1310,86056.68000000,1639958399999,15826009.1569,29432,39593.29000000,7287377.1085,0
458,1639958400000,179.9750,181.2267,168.5000,173.9917,116686.20000000,1640044799999,20394237.3588,33070,54986.68000000,9608801.8894,0
459,1640044800000,174.0530,182.6395,170.2348,179.8927,111827.75000000,1640131199999,19895514.3406,30059,53510.04000000,9527989.4158,0
460,1640131200000,179.8240,187.5555,177.1662,178.4113,108482.54000000,1640217599999,19803810.6421,30592,53572.29000000,9789590.9043,0
461,1640217600000,178.3501,193.7500,175.5146,190.1191,138156.54000000,1640303999999,25522226.8643,38099,70657.49000000,13056842.9717,0
462,1640304000000,190.2289,197.5918,184.3552,190.4857,108379.08000000,1640390399999,20757479.6674,35374,51840.84000000,9932985.2455,0
463,1640390400000,190.4904,195.1509,185.8139,193.0101,83451.34000000,1640476799999,16036830.4961,25422,39157.64000000,7537689.3718,0
464,1640476800000,193.2217,200.6011,190.3593,197.9267,107601.59000000,1640563199999,21117925.6652,34018,51254.92000000,10066765.5939,0
465,1640563200000,197.9775,204.8264,194.9266,195.7131,100006.59000000,1640649599999,20010250.6017,31943,48544.09000000,9722400.2671,0
466,1640649600000,195.7224,195.7812,176.2110,177.1534,144359.57000000,1640735999999,26866229.3025,51760,70094.16000000,13051009.3339,0
467,1640736000000,177.2590,180.6069,170.1700,170.7322,137428.25000000,1640822399999,24086911.6462,34427,64304.30000000,11276160.3072,0
468,1640822400000,170.6468,175.7309,168.2152,172.6053,88886.45000000,1640908799999,15366999.9617,20350,45393.94000000,7856462.8297,0
469,1640908800000,172.4589,177.6455,167.6047,170.0000,107623.51000000,1640995199999,18560117.4133,25661,50533.52000000,8721846.2459,0
470,1640995200000,169.9890,179.1874,169.9890,179.1131,59270.29000000,1641081599999,10337237.9983,14551,29491.66000000,5150294.8777,0
471,1641081600000,179.1194,179.4696,174.3846,176.4143,51284.43000000,1641167999999,9064144.3488,11984,23958.44000000,4233739.6588,0
472,1641168000000,176.3852,176.5085,166.7565,170.1951,70569.61000000,1641254399999,12125587.0655,18554,33835.15000000,5811507.2248,0
473,1641254400000,170.2138,173.8251,166.5317,167.7500,82169.30000000,1641340799999,13949300.6785,20381,39125.80000000,6641743.1557,0
474,1641340800000,167.6921,171.2911,145.0500,154.3764,146231.45000000,1641427199999,23547239.6200,38164,64288.29000000,10367314.1824,0
475,1641427200000,154.5114,154.7395,145.5000,150.1893,127737.43000000,1641513599999,19187055.0160,25887,61538.67000000,9257166.8799,0
476,1641513600000,150.1925,150.6217,133.1310,136.3751,240474.74000000,1641599999999,33637849.9559,44332,110553.18000000,15449182.3102,0
477,1641600000000,136.3412,148.0334,133.1000,142.0596,199044.01000000,1641686399999,28066067.8765,37724,101876.72000000,14368187.4495,0
478,1641686400000,142.1787,145.7499,137.8700,140.8319,112931.26000000,1641772799999,16063219.7367,20408,58951.49000000,8384725.2938,0
479,1641772800000,140.7930,143.7507,130.0000,135.9550,145629.07000000,1641859199999,19756403.3550,31950,71070.70000000,9652779.3001,0
480,1641859200000,135.8268,143.5987,133.6169,140.3079,102872.59000000,1641945599999,14286248.2734,23394,49541.63000000,6884499.7558,0
481,1641945600000,140.2071,153.3895,138.2358,151.5168,163110.20000000,1642031999999,23910943.0376,30834,86295.66000000,12637159.9146,0
482,1642032000000,151.4634,157.8324,145.1477,146.2000,189273.05000000,1642118399999,28661000.1933,35568,91771.75000000,13924322.5067,0
483,1642118400000,146.2136,150.6830,142.0518,146.1812,114258.04000000,1642204799999,16748696.7697,27423,55080.65000000,8077518.7349,0
484,1642204800000,146.4313,149.5691,144.0000,147.7078,67653.84000000,1642291199999,9952802.9468,13899,38513.07000000,5676636.2951,0
485,1642291200000,147.7436,151.9590,146.2152,148.0158,61480.49000000,1642377599999,9146347.8453,15741,32019.63000000,4765236.2394,0
486,1642377600000,148.0968,148.3584,137.1193,139.8628,79139.25000000,1642463999999,11242674.7260,20823,33273.32000000,4727949.8387,0
487,1642464000000,139.8238,142.7261,134.4080,141.2026,96586.56000000,1642550399999,13348495.2096,21553,51601.91000000,7131450.8408,0
488,1642550400000,141.3262,142.7424,132.8800,135.2974,83419.88000000,1642636799999,11437614.2520,18973,40424.52000000,5545201.0890,0
489,1642636800000,135.2974,143.9050,126.0726,127.5948,113930.19000000,1642723199999,15647230.8611,26361,52298.97000000,7203594.1241,0
490,1642723200000,127.5127,128.6937,106.1442,112.3076,416153.45000000,1642809599999,50266747.4300,92666,187394.49000000,22592787.6810,0
491,1642809600000,112.2521,114.1453,87.0000,94.6347,578672.52000000,1642895999999,56586446.4182,106739,271890.56000000,26603455.4189,0
492,1642896000000,94.6227,104.7393,93.2500,99.7723,269885.76000000,1642982399999,26481959.8637,55151,140937.29000000,13847119.6682,0
493,1642982400000,99.8209,99.9315,80.7981,91.9561,607354.97000000,1643068799999,53295867.8311,104610,298251.58000000,26180712.5022,0
494,1643068800000,91.9581,100.0000,87.4543,94.6978,272947.30000000,1643155199999,25467141.3635,55883,139163.95000000,12983253.0300,0
495,1643155200000,94.7057,104.4032,89.2970,92.1551,346206.03000000,1643241599999,33416667.2413,69673,175305.03000000,16949151.0189,0
496,1643241600000,92.1750,94.6549,85.6230,89.5195,269438.34000000,1643327999999,24197604.7260,52848,127690.31000000,11487050.1411,0
497,1643328000000,89.5193,93.5714,87.2335,91.4000,237421.38000000,1643414399999,21554842.2152,45695,117643.73000000,10695612.0761,0
498,1643414400000,91.4378,98.9198,90.5820,96.1455,184026.46000000,1643500799999,17478421.5499,32882,97075.25000000,9229480.5534,0
499,1643500800000,96.1524,97.6110,91.3626,93.4869,135801.02000000,1643587199999,12825343.9631,22445,64125.54000000,6067444.8758,0
500,1643587200000,93.3343,101.4434,89.2616,99.5447,225351.40000000,1643673599999,21481916.9220,34680,120310.35000000,11490744.0288,0
501,1643673600000,99.5103,113.6096,99.1745,110.0826,437227.68000000,1643759999999,47103496.5352,67957,228760.14000000,24630518.4305,0
502,1643760000000,110.0826,112.4500,97.0029,101.9285,381636.27000000,1643846399999,40498167.5749,59258,179049.53000000,19013547.3115,0
503,1643846400000,101.9530,103.2013,93.9167,101.9485,324812.42000000,1643932799999,31876603.7236,46889,160385.40000000,15753177.0641,0
504,1643932800000,101.9540,112.8803,100.4116,112.6938,328078.75000000,1644019199999,34972499.3935,44471,163122.96000000,17409487.2215,0
505,1644019200000,112.7271,118.6874,110.3385,113.8459,234894.23000000,1644105599999,26853841.6429,35642,117976.36000000,13487901.3377,0
506,1644105600000,113.8428,116.1035,111.5274,115.3124,108829.63000000,1644191999999,12391841.3698,19572,53204.66000000,6065234.0737,0
507,1644192000000,115.3374,122.0000,112.6500,117.6557,209014.32000000,1644278399999,24769394.6365,35873,103440.18000000,12259459.9664,0
508,1644278400000,117.6195,120.3788,109.7894,113.6172,199451.42000000,1644364799999,22830595.8679,36372,95811.40000000,10982274.4016,0
509,1644364800000,113.6035,117.1774,109.4344,114.0386,150042.07000000,1644451199999,17045722.3040,26600,78202.34000000,8895585.2052,0
510,1644451200000,114.1752,114.9782,105.7728,106.2173,187948.06000000,1644537599999,20852759.0789,36240,87736.63000000,9749412.0258,0
511,1644537600000,106.2179,108.2169,95.2079,96.5500,154602.28000000,1644623999999,15861410.6161,30374,73777.50000000,7578321.7557,0
512,1644624000000,96.5500,99.9093,92.8945,95.8828,118480.71000000,1644710399999,11397754.6189,21843,59783.79000000,5755417.7977,0
513,1644710400000,95.9872,97.4247,91.4096,92.9073,88973.55000000,1644796799999,8394498.6216,14813,42436.18000000,4003253.5349,0
514,1644796800000,92.9343,97.9919,90.8000,96.4601,129707.65000000,1644883199999,12276259.4388,23936,64002.47000000,6069309.1448,0
515,1644883200000,96.4504,105.8232,96.4257,105.5387,175549.89000000,1644969599999,17882094.1094,24155,83451.88000000,8498453.7112,0
516,1644969600000,105.6831,105.6831,98.3209,101.9606,122332.74000000,1645055999999,12457594.6762,19435,59007.10000000,6006560.1512,0
517,1645056000000,101.9614,102.8573,92.4001,93.6680,145574.01000000,1645142399999,14120998.0154,22567,65983.41000000,6402899.8532,0
518,1645142400000,93.5856,96.4562,89.2733,89.9512,139898.16000000,1645228799999,12944006.2067,19405,69748.12000000,6463729.5463,0
519,1645228800000,89.9551,92.7624,88.6900,91.2784,71192.85000000,1645315199999,6460248.3279,10802,35178.20000000,3195785.0496,0
520,1645315200000,91.2966,93.9337,85.6349,90.7537,141777.02000000,1645401599999,12739109.1373,24704,69639.40000000,6265079.8660,0
521,1645401600000,90.7537,96.1886,82.7311,82.9521,245967.68000000,1645487999999,22004782.3952,36097,119239.03000000,10713043.8689,0
522,1645488000000,83.0469,87.7031,81.0808,86.4586,195257.07000000,1645574399999,16450119.2395,26378,97846.98000000,8260118.9977,0
523,1645574400000,86.4667,93.4105,84.4179,84.6000,192871.63000000,1645660799999,17159622.0389,29486,94782.54000000,8445062.1849,0
524,1645660800000,84.5952,93.5680,75.0000,89.4733,403200.69000000,1645747199999,33603645.3692,66044,199401.52000000,16672869.2884,0
525,1645747200000,89.5898,95.2651,86.8309,92.8695,204663.13000000,1645833599999,18490629.1077,39177,109411.27000000,9904914.5347,0
526,1645833600000,92.8645,95.2214,89.3317,90.2285,132429.60000000,1645919999999,12189061.4120,20825,61820.79000000,5704119.3773,0
527,1645920000000,90.3130,92.2330,84.1573,85.6712,159083.57000000,1646006399999,14016120.9783,26804,71900.02000000,6358205.9499,0
528,1646006400000,85.6735,103.0278,84.2195,99.7669,214547.46000000,1646092799999,20087279.2606,39118,119825.88000000,11235753.7933,0
529,1646092800000,99.7669,102.0432,94.3498,98.7391,201891.24000000,1646179199999,19849849.5898,35836,96532.25000000,9508428.3652,0
530,1646179200000,98.7441,106.4771,96.8567,100.7947,224132.80000000,1646265599999,22900980.7641,44427,111849.36000000,11441842.7274,0
531,1646265600000,100.8055,101.7290,94.0516,95.6638,130811.87000000,1646351999999,12801973.9318,21571,60043.70000000,5882762.8367,0
532,1646352000000,95.7002,95.9262,87.0214,88.3635,147350.73000000,1646438399999,13458991.4941,24513,67951.37000000,6219180.7435,0
533,1646438400000,88.4034,91.2242,86.0000,89.6809,68615.59000000,1646524799999,6099348.7042,11113,38525.87000000,3432096.8292,0
534,1646524800000,89.6164,89.9632,84.1000,84.5357,80389.57000000,1646611199999,6978383.9035,12943,30890.49000000,2690273.3783,0
535,1646611200000,84.5485,86.7323,79.9043,81.6869,146474.31000000,1646697599999,12147998.5607,20196,71164.82000000,5908332.8416,0
536,1646697600000,81.6855,85.0653,81.3340,82.3382,151303.56000000,1646783999999,12590143.1540,17480,73961.88000000,6167874.9118,0
537,1646784000000,82.3296,89.8999,81.9613,88.0529,173086.38000000,1646870399999,15090696.3640,21033,94745.01000000,8260934.3743,0
538,1646870400000,88.1232,88.6173,80.7640,82.8895,128234.28000000,1646956799999,10677442.9528,16894,57869.76000000,4815311.3875,0
539,1646956800000,82.8330,84.3257,80.0836,80.6407,97727.03000000,1647043199999,7995375.4964,12217,44458.02000000,3644652.5615,0
540,1647043200000,80.7039,82.7494,80.5823,81.4689,34373.29000000,1647129599999,2809864.1121,4888,19652.09000000,1607174.2475,0
541,1647129600000,81.4201,83.3166,77.7191,78.7270,82024.87000000,1647215999999,6600839.0509,9859,32160.66000000,2588735.5064,0
542,1647216000000,78.7224,82.2819,78.0358,81.2260,79403.99000000,1647302399999,6352246.1845,11035,43068.35000000,3445098.9808,0
543,1647302400000,81.2296,86.1188,78.8046,82.8235,90734.17000000,1647388799999,7492104.1704,15450,51439.92000000,4256196.1947,0
544,1647388800000,82.8694,88.0190,81.5166,87.7968,155152.01000000,1647475199999,13084641.5708,19203,82734.96000000,6997763.1615,0
545,1647475200000,87.8539,91.0952,86.6416,87.8406,102043.08000000,1647561599999,9065448.7511,15285,57309.70000000,5094777.3184,0
546,1647561600000,87.8290,92.3071,84.4871,89.8200,117698.58000000,1647647999999,10370316.5023,18046,60306.46000000,5327860.3944,0
547,1647648000000,89.8575,94.6131,89.2500,92.4578,97703.63000000,1647734399999,9002613.4728,19532,48310.04000000,4454549.8051,0
548,1647734400000,92.3975,92.5935,87.8907,88.6299,67418.29000000,1647820799999,6059942.8404,13585,29019.65000000,2607444.8126,0
549,1647820800000,88.6275,91.3281,86.8603,88.6356,75009.12000000,1647907199999,6673364.2122,14307,33795.85000000,3012551.8383,0
550,1647907200000,88.6075,94.0003,88.0535,90.4886,114154.48000000,1647993599999,10464602.7360,17466,60078.97000000,5511232.3005,0
551,1647993600000,90.4523,96.3341,89.3190,94.9485,142190.10000000,1648079999999,13236773.4946,19356,69241.18000000,6462032.1061,0
552,1648080000000,94.9422,103.7525,93.4642,102.3619,243414.19000000,1648166399999,24170931.9086,39604,111473.07000000,11092036.3970,0
553,1648166400000,102.3649,104.9158,97.0831,98.6358,140559.43000000,1648252799999,14280332.5395,26735,64828.58000000,6603755.7070,0
554,1648252800000,98.6350,103.4276,97.7048,101.8402,76554.16000000,1648339199999,7733355.6343,15495,42280.93000000,4271127.6462,0
555,1648339200000,101.8126,107.5020,98.8662,107.1198,137998.69000000,1648425599999,14312757.3120,21396,81959.05000000,8539180.6107,0
556,1648425600000,107.1052,113.8873,105.2180,105.9149,222806.29000000,1648511999999,24439578.8378,42685,106644.27000000,11717099.5620,0
557,1648512000000,105.8341,115.6826,105.5591,111.6407,193149.06000000,1648598399999,21495441.7325,36940,101197.69000000,11284435.9725,0
558,1648598400000,111.6407,125.3435,107.1546,120.8729,275490.08000000,1648684799999,32408519.7647,52222,143727.82000000,16911985.1541,0
559,1648684800000,120.8729,129.5772,119.9900,122.8859,273489.78000000,1648771199999,34139230.8860,56704,141565.59000000,17687120.1872,0
560,1648771200000,122.8664,138.4400,117.5836,134.5261,284291.03000000,1648857599999,36402839.2053,60466,141275.94000000,18102292.0777,0
561,1648857600000,134.5639,143.5742,131.5787,132.5341,185055.27000000,1648943999999,25368353.2130,46056,86468.36000000,11867862.9118,0
562,1648944000000,132.5495,141.0616,130.6303,136.8787,151389.66000000,1649030399999,20666708.1139,35555,76116.86000000,10393852.1278,0
563,1649030400000,136.9242,138.2542,126.0000,132.0898,143635.16000000,1649116799999,18962470.6643,35170,67971.38000000,8978014.8176,0
564,1649116800000,132.1250,136.6202,126.1443,126.8338,105933.11000000,1649203199999,13949594.2375,30230,47393.19000000,6250476.7623,0
565,1649203200000,126.8700,127.3977,112.0942,112.9641,263165.78000000,1649289599999,31560993.5810,60631,118668.20000000,14258717.1967,0
566,1649289600000,112.9740,120.1027,110.9667,118.5107,150012.01000000,1649375999999,17293916.9572,38991,74265.88000000,8570540.7479,0
567,1649376000000,118.4830,122.4500,108.1479,110.0039,185547.18000000,1649462399999,21580798.6084,41786,94977.98000000,11069182.0845,0
568,1649462400000,110.0515,113.6925,108.3300,112.9739,72320.30000000,1649548799999,7995305.0254,18622,36507.74000000,4039016.5765,0
569,1649548800000,113.0145,116.0559,109.8453,111.1132,105257.62000000,1649635199999,11851879.4434,24047,52253.13000000,5883021.6209,0
570,1649635200000,111.0942,111.9282,98.1611,99.6769,223715.83000000,1649721599999,23367611.9000,46412,97640.96000000,10251027.2098,0
571,1649721600000,99.6819,109.3184,98.4005,103.1974,220740.56000000,1649807999999,22986683.9782,43657,114283.64000000,11906553.3908,0
572,1649808000000,103.2476,106.0000,100.1299,104.9671,137393.79000000,1649894399999,14272562.8192,30415,72204.18000000,7506518.9148,0
573,1649894400000,104.9696,107.7336,98.7642,100.7300,153797.13000000,1649980799999,15923673.2942,30959,72915.55000000,7560247.5110,0
574,1649980800000,100.7715,102.8939,99.5450,101.3791,66353.82000000,1650067199999,6720768.9008,16821,30706.09000000,3114117.6988,0
575,1650067200000,101.3858,103.4728,100.7747,102.0855,34691.27000000,1650153599999,3536269.6958,10324,17438.03000000,1779665.0076,0
576,1650153600000,102.0669,105.4390,99.6068,100.1730,68725.18000000,1650239999999,7062044.1137,18735,31574.51000000,3251610.4111,0
577,1650240000000,100.2100,102.6470,94.7616,102.3282,137026.41000000,1650326399999,13536868.0992,31030,68300.97000000,6753815.5123,0
578,1650326400000,102.3500,108.8100,100.9440,108.5932,135328.71000000,1650412799999,14303081.5899,21397,80791.59000000,8547673.1150,0
579,1650412800000,108.5500,110.9090,104.2455,105.6000,99668.56000000,1650499199999,10721477.2851,20225,45179.97000000,4873081.2849,0
580,1650499200000,105.6000,109.9634,100.0000,101.7309,118536.89000000,1650585599999,12555575.5332,23324,54120.42000000,5747739.7070,0
581,1650585600000,101.8015,103.5621,99.2377,100.5725,80993.85000000,1650671999999,8206575.4945,19528,44231.16000000,4486183.0624,0
582,1650672000000,100.5265,102.9134,98.4211,100.6009,79900.76000000,1650758399999,8056717.0365,13958,23899.94000000,2413438.7522,0
583,1650758400000,100.6276,102.2550,98.5500,99.2488,48588.77000000,1650844799999,4883362.3774,11232,22720.12000000,2283888.5378,0
584,1650844800000,99.2011,101.5817,94.3969,100.9313,103067.96000000,1650931199999,10089375.9363,25980,51444.77000000,5043961.0739,0
585,1650931200000,100.9758,102.0976,94.6210,95.7159,74880.17000000,1651017599999,7365647.2794,21625,38473.68000000,3785026.9001,0
586,1651017600000,95.7381,100.7525,94.9235,98.3570,65655.07000000,1651103999999,6438104.7141,21021,33831.09000000,3317102.8450,0
587,1651104000000,98.3136,100.5527,96.3708,98.2014,68097.56000000,1651190399999,6712283.8881,19725,33666.71000000,3319913.7655,0
588,1651190400000,98.2356,98.7000,92.3313,93.9566,73629.15000000,1651276799999,7004742.3399,17715,37734.88000000,3589963.9147,0
589,1651276800000,93.9642,94.9265,82.0000,84.6466,85243.86000000,1651363199999,7594495.9398,19590,37490.54000000,3337908.6490,0
